[
{
  "model": "core.configbalanceclosuretype",
  "pk": 1,
  "fields": {
    "row_comment": "",
    "deleted_by": null,
    "is_deleted": false,
    "date_deleted": null,
    "reason_deleted": "",
    "created_by": 3,
    "created_at": "2016-02-24T12:26:01.362Z",
    "updated_at": "2016-02-24T12:26:01.362Z",
    "name": "Automatic",
    "code": "BCT_001",
    "is_active": true
  }
},
{
  "model": "core.configbalanceclosuretype",
  "pk": 2,
  "fields": {
    "row_comment": "",
    "deleted_by": null,
    "is_deleted": false,
    "date_deleted": null,
    "reason_deleted": "",
    "created_by": 3,
    "created_at": "2016-02-24T12:26:23.650Z",
    "updated_at": "2016-02-24T12:26:23.650Z",
    "name": "Manual Balance Closure",
    "code": "BCT_002",
    "is_active": true
  }
},
{
  "model": "core.configcurrency",
  "pk": 1,
  "fields": {
    "row_comment": "",
    "deleted_by": null,
    "is_deleted": false,
    "date_deleted": null,
    "reason_deleted": "",
    "created_by": 3,
    "created_at": "2016-02-18T16:43:21.408Z",
    "updated_at": "2016-02-18T16:43:21.408Z",
    "name": "Kenya Shillings",
    "code": "KES",
    "is_active": true
  }
},
{
  "model": "core.configledgeraccounttype",
  "pk": 1,
  "fields": {
    "row_comment": "",
    "deleted_by": null,
    "is_deleted": false,
    "date_deleted": null,
    "reason_deleted": "",
    "created_by": 3,
    "created_at": "2016-02-22T14:00:09.150Z",
    "updated_at": "2016-02-23T23:20:45.112Z",
    "name": "Header Account",
    "code": "LAT_001",
    "is_active": true,
    "icon": ""
  }
},
{
  "model": "core.configledgeraccounttype",
  "pk": 2,
  "fields": {
    "row_comment": "",
    "deleted_by": null,
    "is_deleted": false,
    "date_deleted": null,
    "reason_deleted": "",
    "created_by": 3,
    "created_at": "2016-02-22T14:00:22.010Z",
    "updated_at": "2016-02-23T23:21:23.396Z",
    "name": "Detail Account",
    "code": "LAT_002",
    "is_active": true,
    "icon": ""
  }
},
{
  "model": "core.configledgeraccounttype",
  "pk": 6,
  "fields": {
    "row_comment": "",
    "deleted_by": null,
    "is_deleted": false,
    "date_deleted": null,
    "reason_deleted": "",
    "created_by": 3,
    "created_at": "2016-02-23T23:39:13.015Z",
    "updated_at": "2016-02-23T23:39:13.015Z",
    "name": "Product Account",
    "code": "LAT_003",
    "is_active": true,
    "icon": ""
  }
},
{
  "model": "core.configledgeraccounttype",
  "pk": 7,
  "fields": {
    "row_comment": "",
    "deleted_by": null,
    "is_deleted": false,
    "date_deleted": null,
    "reason_deleted": "",
    "created_by": 3,
    "created_at": "2016-02-23T23:39:36.110Z",
    "updated_at": "2016-02-23T23:39:36.110Z",
    "name": "User Account",
    "code": "LAT_004",
    "is_active": true,
    "icon": ""
  }
},
{
  "model": "core.configledgeraccountbalancedirection",
  "pk": 1,
  "fields": {
    "row_comment": "",
    "deleted_by": null,
    "is_deleted": false,
    "date_deleted": null,
    "reason_deleted": "",
    "created_by": 3,
    "created_at": "2016-02-23T23:15:34.791Z",
    "updated_at": "2016-02-23T23:15:34.791Z",
    "name": "Normal",
    "code": "LBD_001",
    "is_active": true,
    "icon": ""
  }
},
{
  "model": "core.configledgeraccountbalancedirection",
  "pk": 2,
  "fields": {
    "row_comment": "",
    "deleted_by": null,
    "is_deleted": false,
    "date_deleted": null,
    "reason_deleted": "",
    "created_by": 3,
    "created_at": "2016-02-23T23:16:14.689Z",
    "updated_at": "2016-02-23T23:16:14.689Z",
    "name": "Contra",
    "code": "LBD_002",
    "is_active": true,
    "icon": ""
  }
},
{
  "model": "core.configledgeraccountcategory",
  "pk": 1,
  "fields": {
    "row_comment": "",
    "deleted_by": null,
    "is_deleted": false,
    "date_deleted": null,
    "reason_deleted": "",
    "created_by": 3,
    "created_at": "2016-02-22T14:07:31.907Z",
    "updated_at": "2016-02-22T14:07:31.907Z",
    "name": "Asset",
    "code": "1",
    "is_active": true,
    "icon": ""
  }
},
{
  "model": "core.configledgeraccountcategory",
  "pk": 2,
  "fields": {
    "row_comment": "",
    "deleted_by": null,
    "is_deleted": false,
    "date_deleted": null,
    "reason_deleted": "",
    "created_by": 3,
    "created_at": "2016-02-22T14:07:40.362Z",
    "updated_at": "2016-02-22T14:07:40.362Z",
    "name": "Liability",
    "code": "2",
    "is_active": true,
    "icon": ""
  }
},
{
  "model": "core.configledgeraccountcategory",
  "pk": 3,
  "fields": {
    "row_comment": "",
    "deleted_by": null,
    "is_deleted": false,
    "date_deleted": null,
    "reason_deleted": "",
    "created_by": 3,
    "created_at": "2016-02-22T14:08:05.136Z",
    "updated_at": "2016-02-22T14:08:05.136Z",
    "name": "Equity",
    "code": "3",
    "is_active": true,
    "icon": ""
  }
},
{
  "model": "core.configledgeraccountcategory",
  "pk": 4,
  "fields": {
    "row_comment": "",
    "deleted_by": null,
    "is_deleted": false,
    "date_deleted": null,
    "reason_deleted": "",
    "created_by": 3,
    "created_at": "2016-02-22T14:09:27.732Z",
    "updated_at": "2016-02-22T14:09:27.732Z",
    "name": "Income",
    "code": "4",
    "is_active": true,
    "icon": ""
  }
},
{
  "model": "core.configledgeraccountcategory",
  "pk": 5,
  "fields": {
    "row_comment": "",
    "deleted_by": null,
    "is_deleted": false,
    "date_deleted": null,
    "reason_deleted": "",
    "created_by": 3,
    "created_at": "2016-02-22T14:09:39.284Z",
    "updated_at": "2016-02-22T14:09:39.284Z",
    "name": "Expense",
    "code": "5",
    "is_active": true,
    "icon": ""
  }
},
{
  "model": "core.configledgertype",
  "pk": 1,
  "fields": {
    "row_comment": "",
    "deleted_by": null,
    "is_deleted": false,
    "date_deleted": null,
    "reason_deleted": "",
    "created_by": 3,
    "created_at": "2016-02-22T13:57:59.202Z",
    "updated_at": "2016-02-23T23:25:30.156Z",
    "name": "General Ledger",
    "code": "LGT_001",
    "is_active": true
  }
},
{
  "model": "core.configledgertype",
  "pk": 2,
  "fields": {
    "row_comment": "",
    "deleted_by": null,
    "is_deleted": false,
    "date_deleted": null,
    "reason_deleted": "",
    "created_by": 3,
    "created_at": "2016-02-22T13:58:19.576Z",
    "updated_at": "2016-02-23T23:29:26.842Z",
    "name": "Loan Ledger",
    "code": "LGT_002",
    "is_active": true
  }
},
{
  "model": "core.configledgertransactiontype",
  "pk": 1,
  "fields": {
    "row_comment": "",
    "deleted_by": null,
    "is_deleted": false,
    "date_deleted": null,
    "reason_deleted": "",
    "created_by": 3,
    "created_at": "2016-02-16T14:58:54.998Z",
    "updated_at": "2016-02-24T10:24:21.586Z",
    "name": "Loan Disbursal",
    "code": "TT_001",
    "is_active": true,
    "icon": "",
    "ledger_types": [
      1
    ]
  }
},
{
  "model": "core.configledgertransactiontype",
  "pk": 2,
  "fields": {
    "row_comment": "",
    "deleted_by": null,
    "is_deleted": false,
    "date_deleted": null,
    "reason_deleted": "",
    "created_by": 3,
    "created_at": "2016-02-16T15:00:53.512Z",
    "updated_at": "2016-02-24T10:25:17.697Z",
    "name": "Interest Accrual",
    "code": "TT_002",
    "is_active": true,
    "icon": "",
    "ledger_types": [
      1
    ]
  }
},
{
  "model": "core.configledgertransactiontype",
  "pk": 3,
  "fields": {
    "row_comment": "",
    "deleted_by": null,
    "is_deleted": false,
    "date_deleted": null,
    "reason_deleted": "",
    "created_by": 3,
    "created_at": "2016-02-16T15:01:05.771Z",
    "updated_at": "2016-02-24T10:25:11.857Z",
    "name": "Fee Acrual",
    "code": "TT_003",
    "is_active": true,
    "icon": "",
    "ledger_types": [
      1
    ]
  }
},
{
  "model": "core.configledgertransactiontype",
  "pk": 4,
  "fields": {
    "row_comment": "",
    "deleted_by": null,
    "is_deleted": false,
    "date_deleted": null,
    "reason_deleted": "",
    "created_by": 3,
    "created_at": "2016-02-16T15:01:31.493Z",
    "updated_at": "2016-02-24T10:24:34.753Z",
    "name": "Penalty Accrual",
    "code": "TT_004",
    "is_active": true,
    "icon": "",
    "ledger_types": [
      1
    ]
  }
},
{
  "model": "core.configledgertransactiontype",
  "pk": 5,
  "fields": {
    "row_comment": "",
    "deleted_by": null,
    "is_deleted": false,
    "date_deleted": null,
    "reason_deleted": "",
    "created_by": 3,
    "created_at": "2016-02-16T15:01:59.678Z",
    "updated_at": "2016-02-24T10:24:15.535Z",
    "name": "Principal Posting",
    "code": "TT_005",
    "is_active": true,
    "icon": "",
    "ledger_types": [
      1
    ]
  }
},
{
  "model": "core.configledgertransactiontype",
  "pk": 6,
  "fields": {
    "row_comment": "",
    "deleted_by": null,
    "is_deleted": false,
    "date_deleted": null,
    "reason_deleted": "",
    "created_by": 3,
    "created_at": "2016-02-16T15:02:16.223Z",
    "updated_at": "2016-02-24T10:24:39.729Z",
    "name": "Interest Posting",
    "code": "TT_006",
    "is_active": true,
    "icon": "",
    "ledger_types": [
      1
    ]
  }
},
{
  "model": "core.configledgertransactiontype",
  "pk": 7,
  "fields": {
    "row_comment": "",
    "deleted_by": null,
    "is_deleted": false,
    "date_deleted": null,
    "reason_deleted": "",
    "created_by": 3,
    "created_at": "2016-02-16T15:02:34.899Z",
    "updated_at": "2016-02-24T10:24:30.359Z",
    "name": "Fee Posting",
    "code": "TT_007",
    "is_active": true,
    "icon": "",
    "ledger_types": [
      1
    ]
  }
},
{
  "model": "core.configledgertransactiontype",
  "pk": 8,
  "fields": {
    "row_comment": "",
    "deleted_by": null,
    "is_deleted": false,
    "date_deleted": null,
    "reason_deleted": "",
    "created_by": 3,
    "created_at": "2016-02-16T15:02:54.862Z",
    "updated_at": "2016-02-24T10:24:10.887Z",
    "name": "Penalty Posting",
    "code": "TT_008",
    "is_active": true,
    "icon": "",
    "ledger_types": [
      1
    ]
  }
},
{
  "model": "core.configledgertransactiontype",
  "pk": 9,
  "fields": {
    "row_comment": "",
    "deleted_by": null,
    "is_deleted": false,
    "date_deleted": null,
    "reason_deleted": "",
    "created_by": 3,
    "created_at": "2016-02-16T15:03:19.418Z",
    "updated_at": "2016-02-24T10:24:52.308Z",
    "name": "Principal Write-Off",
    "code": "TT_009",
    "is_active": true,
    "icon": "",
    "ledger_types": [
      1
    ]
  }
},
{
  "model": "core.configledgertransactiontype",
  "pk": 10,
  "fields": {
    "row_comment": "",
    "deleted_by": null,
    "is_deleted": false,
    "date_deleted": null,
    "reason_deleted": "",
    "created_by": 3,
    "created_at": "2016-02-16T15:03:40.904Z",
    "updated_at": "2016-02-24T10:24:06.052Z",
    "name": "Interest Write-Off",
    "code": "TT_010",
    "is_active": true,
    "icon": "",
    "ledger_types": [
      1
    ]
  }
},
{
  "model": "core.configledgertransactiontype",
  "pk": 11,
  "fields": {
    "row_comment": "",
    "deleted_by": null,
    "is_deleted": false,
    "date_deleted": null,
    "reason_deleted": "",
    "created_by": 3,
    "created_at": "2016-02-16T15:03:57.947Z",
    "updated_at": "2016-02-24T10:24:01.009Z",
    "name": "Fee Write-Off",
    "code": "TT_011",
    "is_active": true,
    "icon": "",
    "ledger_types": [
      1
    ]
  }
},
{
  "model": "core.configledgertransactiontype",
  "pk": 12,
  "fields": {
    "row_comment": "",
    "deleted_by": null,
    "is_deleted": false,
    "date_deleted": null,
    "reason_deleted": "",
    "created_by": 3,
    "created_at": "2016-02-16T15:04:17.533Z",
    "updated_at": "2016-02-24T10:23:53.536Z",
    "name": "Penalty Write-Off",
    "code": "TT_012",
    "is_active": true,
    "icon": "",
    "ledger_types": [
      1
    ]
  }
},
{
  "model": "core.configledgertransactiontype",
  "pk": 13,
  "fields": {
    "row_comment": "",
    "deleted_by": null,
    "is_deleted": false,
    "date_deleted": null,
    "reason_deleted": "",
    "created_by": 3,
    "created_at": "2016-02-24T10:23:45.510Z",
    "updated_at": "2016-02-24T10:23:45.510Z",
    "name": "Bad Loan Recovery",
    "code": "TT_013",
    "is_active": true,
    "icon": "",
    "ledger_types": [
      1
    ]
  }
},
{
  "model": "core.configledgertransactionstatus",
  "pk": 1,
  "fields": {
    "row_comment": "",
    "deleted_by": null,
    "is_deleted": false,
    "date_deleted": null,
    "reason_deleted": "",
    "created_by": 3,
    "created_at": "2016-02-16T15:33:03.307Z",
    "updated_at": "2016-02-16T15:33:11.821Z",
    "name": "Pending Posting",
    "code": "LTS_001",
    "is_active": true,
    "icon": ""
  }
},
{
  "model": "core.configledgertransactionstatus",
  "pk": 2,
  "fields": {
    "row_comment": "",
    "deleted_by": null,
    "is_deleted": false,
    "date_deleted": null,
    "reason_deleted": "",
    "created_by": 3,
    "created_at": "2016-02-16T15:33:31.786Z",
    "updated_at": "2016-02-16T15:33:31.786Z",
    "name": "Posted",
    "code": "LTS_002",
    "is_active": true,
    "icon": ""
  }
},
{
  "model": "core.configledgertransactionstatus",
  "pk": 3,
  "fields": {
    "row_comment": "",
    "deleted_by": null,
    "is_deleted": false,
    "date_deleted": null,
    "reason_deleted": "",
    "created_by": 3,
    "created_at": "2016-02-16T15:33:51.270Z",
    "updated_at": "2016-02-16T15:33:51.270Z",
    "name": "Held",
    "code": "LTS_003",
    "is_active": true,
    "icon": ""
  }
},
{
  "model": "core.configledgertransactionstatus",
  "pk": 4,
  "fields": {
    "row_comment": "",
    "deleted_by": null,
    "is_deleted": false,
    "date_deleted": null,
    "reason_deleted": "",
    "created_by": 3,
    "created_at": "2016-02-16T15:34:42.398Z",
    "updated_at": "2016-02-16T15:34:42.398Z",
    "name": "Settled",
    "code": "LTS_004",
    "is_active": true,
    "icon": ""
  }
},
{
  "model": "core.ledgeraccount",
  "pk": "1.0000.0000",
  "fields": {
    "row_comment": "",
    "deleted_by": null,
    "is_deleted": false,
    "date_deleted": null,
    "reason_deleted": "",
    "created_by": 3,
    "created_at": "2016-02-24T09:18:23.636Z",
    "updated_at": "2016-02-24T09:18:23.636Z",
    "name": "Asset",
    "ledger_type": 1,
    "account_category": 1,
    "account_type": 1,
    "balance_direction": 1
  }
},
{
  "model": "core.ledgeraccount",
  "pk": "1.1000.0000",
  "fields": {
    "row_comment": "",
    "deleted_by": null,
    "is_deleted": false,
    "date_deleted": null,
    "reason_deleted": "",
    "created_by": 3,
    "created_at": "2016-02-24T09:18:54.761Z",
    "updated_at": "2016-02-24T09:18:54.761Z",
    "name": "Cash and Cash Equivalents",
    "ledger_type": 1,
    "account_category": 1,
    "account_type": 1,
    "balance_direction": 1
  }
},
{
  "model": "core.ledgeraccount",
  "pk": "1.1100.0000",
  "fields": {
    "row_comment": "",
    "deleted_by": null,
    "is_deleted": false,
    "date_deleted": null,
    "reason_deleted": "",
    "created_by": 3,
    "created_at": "2016-02-24T09:20:08.943Z",
    "updated_at": "2016-02-24T09:20:08.943Z",
    "name": "Petty Cash",
    "ledger_type": 1,
    "account_category": 1,
    "account_type": 2,
    "balance_direction": 1
  }
},
{
  "model": "core.ledgeraccount",
  "pk": "1.1200.0000",
  "fields": {
    "row_comment": "",
    "deleted_by": null,
    "is_deleted": false,
    "date_deleted": null,
    "reason_deleted": "",
    "created_by": 3,
    "created_at": "2016-02-24T09:20:58.565Z",
    "updated_at": "2016-02-24T09:20:58.565Z",
    "name": "Cash at Bank",
    "ledger_type": 1,
    "account_category": 1,
    "account_type": 2,
    "balance_direction": 1
  }
},
{
  "model": "core.ledgeraccount",
  "pk": "1.1220.0000",
  "fields": {
    "row_comment": "",
    "deleted_by": null,
    "is_deleted": false,
    "date_deleted": null,
    "reason_deleted": "",
    "created_by": 3,
    "created_at": "2016-02-16T17:17:03.162Z",
    "updated_at": "2016-02-24T09:32:18.038Z",
    "name": "Loan Fund Source",
    "ledger_type": 1,
    "account_category": 1,
    "account_type": 2,
    "balance_direction": 1
  }
},
{
  "model": "core.ledgeraccount",
  "pk": "1.2000.0000",
  "fields": {
    "row_comment": "",
    "deleted_by": null,
    "is_deleted": false,
    "date_deleted": null,
    "reason_deleted": "",
    "created_by": 3,
    "created_at": "2016-02-24T09:21:50.312Z",
    "updated_at": "2016-02-24T09:21:50.312Z",
    "name": "Prepayments and Sundry Receivables",
    "ledger_type": 1,
    "account_category": 1,
    "account_type": 2,
    "balance_direction": 1
  }
},
{
  "model": "core.ledgeraccount",
  "pk": "1.3000.0000",
  "fields": {
    "row_comment": "",
    "deleted_by": null,
    "is_deleted": false,
    "date_deleted": null,
    "reason_deleted": "",
    "created_by": 3,
    "created_at": "2016-02-24T09:22:24.592Z",
    "updated_at": "2016-02-24T09:22:24.592Z",
    "name": "Financial Investments",
    "ledger_type": 1,
    "account_category": 1,
    "account_type": 2,
    "balance_direction": 1
  }
},
{
  "model": "core.ledgeraccount",
  "pk": "1.4000.0000",
  "fields": {
    "row_comment": "",
    "deleted_by": null,
    "is_deleted": false,
    "date_deleted": null,
    "reason_deleted": "",
    "created_by": 3,
    "created_at": "2016-02-24T09:23:03.988Z",
    "updated_at": "2016-02-24T09:23:03.988Z",
    "name": "Net Loan Portfolio",
    "ledger_type": 1,
    "account_category": 1,
    "account_type": 1,
    "balance_direction": 1
  }
},
{
  "model": "core.ledgeraccount",
  "pk": "1.4100.0000",
  "fields": {
    "row_comment": "",
    "deleted_by": null,
    "is_deleted": false,
    "date_deleted": null,
    "reason_deleted": "",
    "created_by": 3,
    "created_at": "2016-02-16T15:57:18.986Z",
    "updated_at": "2016-02-24T09:24:01.543Z",
    "name": "Gross Loan Portfolio Control Account",
    "ledger_type": 2,
    "account_category": 1,
    "account_type": 2,
    "balance_direction": 1
  }
},
{
  "model": "core.ledgeraccount",
  "pk": "1.4200.0000",
  "fields": {
    "row_comment": "",
    "deleted_by": null,
    "is_deleted": false,
    "date_deleted": null,
    "reason_deleted": "",
    "created_by": 3,
    "created_at": "2016-02-24T09:24:47.068Z",
    "updated_at": "2016-02-24T09:24:47.068Z",
    "name": "Gross Overdraft Portfolio Control",
    "ledger_type": 2,
    "account_category": 1,
    "account_type": 2,
    "balance_direction": 1
  }
},
{
  "model": "core.ledgeraccount",
  "pk": "1.4300.0000",
  "fields": {
    "row_comment": "",
    "deleted_by": null,
    "is_deleted": false,
    "date_deleted": null,
    "reason_deleted": "",
    "created_by": 3,
    "created_at": "2016-02-24T09:25:23.730Z",
    "updated_at": "2016-02-24T09:25:23.730Z",
    "name": "Provision for Bad Loans",
    "ledger_type": 2,
    "account_category": 1,
    "account_type": 2,
    "balance_direction": 2
  }
},
{
  "model": "core.ledgeraccount",
  "pk": "1.4400.0000",
  "fields": {
    "row_comment": "",
    "deleted_by": null,
    "is_deleted": false,
    "date_deleted": null,
    "reason_deleted": "",
    "created_by": 3,
    "created_at": "2016-02-24T09:26:16.467Z",
    "updated_at": "2016-02-24T09:26:16.467Z",
    "name": "Loans Recovered",
    "ledger_type": 1,
    "account_category": 1,
    "account_type": 2,
    "balance_direction": 1
  }
},
{
  "model": "core.ledgeraccount",
  "pk": "1.5000.0000",
  "fields": {
    "row_comment": "",
    "deleted_by": null,
    "is_deleted": false,
    "date_deleted": null,
    "reason_deleted": "",
    "created_by": 3,
    "created_at": "2016-02-24T09:27:20.029Z",
    "updated_at": "2016-02-24T09:27:20.029Z",
    "name": "Accounts Receivable",
    "ledger_type": 1,
    "account_category": 1,
    "account_type": 1,
    "balance_direction": 1
  }
},
{
  "model": "core.ledgeraccount",
  "pk": "1.5100.0000",
  "fields": {
    "row_comment": "",
    "deleted_by": null,
    "is_deleted": false,
    "date_deleted": null,
    "reason_deleted": "",
    "created_by": 3,
    "created_at": "2016-02-24T09:28:14.287Z",
    "updated_at": "2016-02-24T09:28:14.287Z",
    "name": "Income Receivable",
    "ledger_type": 1,
    "account_category": 1,
    "account_type": 1,
    "balance_direction": 1
  }
},
{
  "model": "core.ledgeraccount",
  "pk": "1.5110.0000",
  "fields": {
    "row_comment": "",
    "deleted_by": null,
    "is_deleted": false,
    "date_deleted": null,
    "reason_deleted": "",
    "created_by": 3,
    "created_at": "2016-02-24T09:29:57.460Z",
    "updated_at": "2016-02-24T09:30:31.526Z",
    "name": "Penalty Income Receivable",
    "ledger_type": 2,
    "account_category": 1,
    "account_type": 2,
    "balance_direction": 1
  }
},
{
  "model": "core.ledgeraccount",
  "pk": "1.5120.0000",
  "fields": {
    "row_comment": "",
    "deleted_by": null,
    "is_deleted": false,
    "date_deleted": null,
    "reason_deleted": "",
    "created_by": 3,
    "created_at": "2016-02-24T09:31:13.147Z",
    "updated_at": "2016-02-24T09:31:13.147Z",
    "name": "Fee Income Receivable",
    "ledger_type": 2,
    "account_category": 1,
    "account_type": 2,
    "balance_direction": 1
  }
},
{
  "model": "core.ledgeraccount",
  "pk": "1.5130.0000",
  "fields": {
    "row_comment": "",
    "deleted_by": null,
    "is_deleted": false,
    "date_deleted": null,
    "reason_deleted": "",
    "created_by": 3,
    "created_at": "2016-02-24T09:31:27.897Z",
    "updated_at": "2016-02-24T09:31:27.897Z",
    "name": "Interest Income Receivable",
    "ledger_type": 2,
    "account_category": 1,
    "account_type": 2,
    "balance_direction": 1
  }
},
{
  "model": "core.ledgeraccount",
  "pk": "2.0000.0000",
  "fields": {
    "row_comment": "",
    "deleted_by": null,
    "is_deleted": false,
    "date_deleted": null,
    "reason_deleted": "",
    "created_by": 3,
    "created_at": "2016-02-24T09:32:08.371Z",
    "updated_at": "2016-02-24T09:32:08.371Z",
    "name": "Liability",
    "ledger_type": 1,
    "account_category": 2,
    "account_type": 1,
    "balance_direction": 1
  }
},
{
  "model": "core.ledgeraccount",
  "pk": "2.1000.0000",
  "fields": {
    "row_comment": "",
    "deleted_by": null,
    "is_deleted": false,
    "date_deleted": null,
    "reason_deleted": "",
    "created_by": 3,
    "created_at": "2016-02-24T09:41:35.427Z",
    "updated_at": "2016-02-24T09:41:35.427Z",
    "name": "Members Savings Deposits",
    "ledger_type": 1,
    "account_category": 2,
    "account_type": 1,
    "balance_direction": 1
  }
},
{
  "model": "core.ledgeraccount",
  "pk": "2.2000.0000",
  "fields": {
    "row_comment": "",
    "deleted_by": null,
    "is_deleted": false,
    "date_deleted": null,
    "reason_deleted": "",
    "created_by": 3,
    "created_at": "2016-02-24T09:41:55.607Z",
    "updated_at": "2016-02-24T09:41:55.607Z",
    "name": "Accounts Payable",
    "ledger_type": 1,
    "account_category": 2,
    "account_type": 1,
    "balance_direction": 1
  }
},
{
  "model": "core.ledgeraccount",
  "pk": "2.3000.0000",
  "fields": {
    "row_comment": "",
    "deleted_by": null,
    "is_deleted": false,
    "date_deleted": null,
    "reason_deleted": "",
    "created_by": 3,
    "created_at": "2016-02-24T09:42:13.139Z",
    "updated_at": "2016-02-24T09:42:13.139Z",
    "name": "Other Liabilities",
    "ledger_type": 1,
    "account_category": 2,
    "account_type": 1,
    "balance_direction": 1
  }
},
{
  "model": "core.ledgeraccount",
  "pk": "4.0000.0000",
  "fields": {
    "row_comment": "",
    "deleted_by": null,
    "is_deleted": false,
    "date_deleted": null,
    "reason_deleted": "",
    "created_by": 3,
    "created_at": "2016-02-24T09:33:57.917Z",
    "updated_at": "2016-02-24T09:33:57.917Z",
    "name": "Income",
    "ledger_type": 1,
    "account_category": 4,
    "account_type": 1,
    "balance_direction": 1
  }
},
{
  "model": "core.ledgeraccount",
  "pk": "4.1000.0000",
  "fields": {
    "row_comment": "",
    "deleted_by": null,
    "is_deleted": false,
    "date_deleted": null,
    "reason_deleted": "",
    "created_by": 3,
    "created_at": "2016-02-24T09:33:32.000Z",
    "updated_at": "2016-02-24T09:34:05.310Z",
    "name": "Financial Income",
    "ledger_type": 1,
    "account_category": 4,
    "account_type": 1,
    "balance_direction": 1
  }
},
{
  "model": "core.ledgeraccount",
  "pk": "4.1100.0000",
  "fields": {
    "row_comment": "",
    "deleted_by": null,
    "is_deleted": false,
    "date_deleted": null,
    "reason_deleted": "",
    "created_by": 3,
    "created_at": "2016-02-16T17:21:18.373Z",
    "updated_at": "2016-02-24T04:03:02.304Z",
    "name": "Interest Income Account",
    "ledger_type": 2,
    "account_category": 4,
    "account_type": 2,
    "balance_direction": 1
  }
},
{
  "model": "core.ledgeraccount",
  "pk": "4.1200.0000",
  "fields": {
    "row_comment": "",
    "deleted_by": null,
    "is_deleted": false,
    "date_deleted": null,
    "reason_deleted": "",
    "created_by": 3,
    "created_at": "2016-02-24T09:36:00.454Z",
    "updated_at": "2016-02-24T09:36:59.462Z",
    "name": "Fee Income Account",
    "ledger_type": 1,
    "account_category": 4,
    "account_type": 1,
    "balance_direction": 1
  }
},
{
  "model": "core.ledgeraccount",
  "pk": "4.1210.0000",
  "fields": {
    "row_comment": "",
    "deleted_by": null,
    "is_deleted": false,
    "date_deleted": null,
    "reason_deleted": "",
    "created_by": 3,
    "created_at": "2016-02-24T09:36:35.862Z",
    "updated_at": "2016-02-24T09:40:53.375Z",
    "name": "Membership Fee Income",
    "ledger_type": 1,
    "account_category": 4,
    "account_type": 2,
    "balance_direction": 1
  }
},
{
  "model": "core.ledgeraccount",
  "pk": "4.1220.0000",
  "fields": {
    "row_comment": "",
    "deleted_by": null,
    "is_deleted": false,
    "date_deleted": null,
    "reason_deleted": "",
    "created_by": 3,
    "created_at": "2016-02-16T17:23:13.778Z",
    "updated_at": "2016-02-24T09:36:41.929Z",
    "name": "Loan Fee Income Account",
    "ledger_type": 1,
    "account_category": 4,
    "account_type": 2,
    "balance_direction": 1
  }
},
{
  "model": "core.ledgeraccount",
  "pk": "4.1230.0000",
  "fields": {
    "row_comment": "",
    "deleted_by": null,
    "is_deleted": false,
    "date_deleted": null,
    "reason_deleted": "",
    "created_by": 3,
    "created_at": "2016-02-24T09:37:48.646Z",
    "updated_at": "2016-02-24T09:37:48.646Z",
    "name": "Overdraft Fees Income",
    "ledger_type": 1,
    "account_category": 4,
    "account_type": 2,
    "balance_direction": 1
  }
},
{
  "model": "core.ledgeraccount",
  "pk": "4.1240.0000",
  "fields": {
    "row_comment": "",
    "deleted_by": null,
    "is_deleted": false,
    "date_deleted": null,
    "reason_deleted": "",
    "created_by": 3,
    "created_at": "2016-02-16T17:23:34.326Z",
    "updated_at": "2016-02-24T09:40:48.582Z",
    "name": "Penalty Income",
    "ledger_type": 1,
    "account_category": 4,
    "account_type": 2,
    "balance_direction": 1
  }
},
{
  "model": "core.ledgeraccount",
  "pk": "4.1300.0000",
  "fields": {
    "row_comment": "",
    "deleted_by": null,
    "is_deleted": false,
    "date_deleted": null,
    "reason_deleted": "",
    "created_by": 3,
    "created_at": "2016-02-24T10:06:51.707Z",
    "updated_at": "2016-02-24T10:06:51.707Z",
    "name": "Loan Recovery Income Account",
    "ledger_type": 1,
    "account_category": 4,
    "account_type": 2,
    "balance_direction": 1
  }
},
{
  "model": "core.ledgeraccount",
  "pk": "5.0000.0000",
  "fields": {
    "row_comment": "",
    "deleted_by": null,
    "is_deleted": false,
    "date_deleted": null,
    "reason_deleted": "",
    "created_by": 3,
    "created_at": "2016-02-24T09:38:17.252Z",
    "updated_at": "2016-02-24T09:38:17.252Z",
    "name": "Expense",
    "ledger_type": 1,
    "account_category": 5,
    "account_type": 1,
    "balance_direction": 1
  }
},
{
  "model": "core.ledgeraccount",
  "pk": "5.1000.0000",
  "fields": {
    "row_comment": "",
    "deleted_by": null,
    "is_deleted": false,
    "date_deleted": null,
    "reason_deleted": "",
    "created_by": 3,
    "created_at": "2016-02-24T09:38:38.429Z",
    "updated_at": "2016-02-24T09:38:38.429Z",
    "name": "Write-Off Expense",
    "ledger_type": 1,
    "account_category": 5,
    "account_type": 1,
    "balance_direction": 1
  }
},
{
  "model": "core.ledgeraccount",
  "pk": "5.1100.0000",
  "fields": {
    "row_comment": "",
    "deleted_by": null,
    "is_deleted": false,
    "date_deleted": null,
    "reason_deleted": "",
    "created_by": 3,
    "created_at": "2016-02-24T09:39:35.969Z",
    "updated_at": "2016-02-24T09:39:35.969Z",
    "name": "Principal Write-Off Expense",
    "ledger_type": 1,
    "account_category": 5,
    "account_type": 2,
    "balance_direction": 1
  }
},
{
  "model": "core.ledgeraccount",
  "pk": "5.1200.0000",
  "fields": {
    "row_comment": "",
    "deleted_by": null,
    "is_deleted": false,
    "date_deleted": null,
    "reason_deleted": "",
    "created_by": 3,
    "created_at": "2016-02-24T09:39:21.638Z",
    "updated_at": "2016-02-24T09:39:21.638Z",
    "name": "Interest Write-Off Expense",
    "ledger_type": 1,
    "account_category": 5,
    "account_type": 2,
    "balance_direction": 1
  }
},
{
  "model": "core.ledgeraccount",
  "pk": "5.1300.0000",
  "fields": {
    "row_comment": "",
    "deleted_by": null,
    "is_deleted": false,
    "date_deleted": null,
    "reason_deleted": "",
    "created_by": 3,
    "created_at": "2016-02-16T17:24:28.483Z",
    "updated_at": "2016-02-24T09:39:06.282Z",
    "name": "Fee Write-Off Expense",
    "ledger_type": 1,
    "account_category": 5,
    "account_type": 2,
    "balance_direction": 1
  }
},
{
  "model": "core.ledgeraccount",
  "pk": "5.1400.0000",
  "fields": {
    "row_comment": "",
    "deleted_by": null,
    "is_deleted": false,
    "date_deleted": null,
    "reason_deleted": "",
    "created_by": 3,
    "created_at": "2016-02-24T09:40:09.863Z",
    "updated_at": "2016-02-24T09:40:09.863Z",
    "name": "Penalty Write-Off Expense",
    "ledger_type": 1,
    "account_category": 5,
    "account_type": 2,
    "balance_direction": 1
  }
},
{
  "model": "core.ledgeraccountingrule",
  "pk": 1,
  "fields": {
    "row_comment": "",
    "deleted_by": null,
    "is_deleted": false,
    "date_deleted": null,
    "reason_deleted": "",
    "created_by": 3,
    "created_at": "2016-02-16T18:43:01.441Z",
    "updated_at": "2016-02-22T15:24:56.164Z",
    "transaction_type": 1,
    "debit_account": "1.4100.0000",
    "credit_account": "1.1220.0000"
  }
},
{
  "model": "core.ledgeraccountingrule",
  "pk": 2,
  "fields": {
    "row_comment": "",
    "deleted_by": null,
    "is_deleted": false,
    "date_deleted": null,
    "reason_deleted": "",
    "created_by": 3,
    "created_at": "2016-02-16T18:43:38.456Z",
    "updated_at": "2016-02-24T09:51:46.700Z",
    "transaction_type": 2,
    "debit_account": "1.5130.0000",
    "credit_account": "4.1100.0000"
  }
},
{
  "model": "core.ledgeraccountingrule",
  "pk": 3,
  "fields": {
    "row_comment": "",
    "deleted_by": null,
    "is_deleted": false,
    "date_deleted": null,
    "reason_deleted": "",
    "created_by": 3,
    "created_at": "2016-02-16T18:44:23.543Z",
    "updated_at": "2016-02-24T09:51:34.144Z",
    "transaction_type": 3,
    "debit_account": "1.5120.0000",
    "credit_account": "4.1220.0000"
  }
},
{
  "model": "core.ledgeraccountingrule",
  "pk": 4,
  "fields": {
    "row_comment": "",
    "deleted_by": null,
    "is_deleted": false,
    "date_deleted": null,
    "reason_deleted": "",
    "created_by": 3,
    "created_at": "2016-02-16T18:44:50.977Z",
    "updated_at": "2016-02-24T09:51:21.209Z",
    "transaction_type": 4,
    "debit_account": "1.5110.0000",
    "credit_account": "4.1240.0000"
  }
},
{
  "model": "core.ledgeraccountingrule",
  "pk": 5,
  "fields": {
    "row_comment": "",
    "deleted_by": null,
    "is_deleted": false,
    "date_deleted": null,
    "reason_deleted": "",
    "created_by": 3,
    "created_at": "2016-02-16T18:45:19.705Z",
    "updated_at": "2016-02-22T15:26:31.216Z",
    "transaction_type": 5,
    "debit_account": "1.1220.0000",
    "credit_account": "1.4100.0000"
  }
},
{
  "model": "core.ledgeraccountingrule",
  "pk": 6,
  "fields": {
    "row_comment": "",
    "deleted_by": null,
    "is_deleted": false,
    "date_deleted": null,
    "reason_deleted": "",
    "created_by": 3,
    "created_at": "2016-02-16T18:46:21.853Z",
    "updated_at": "2016-02-24T09:51:00.968Z",
    "transaction_type": 6,
    "debit_account": "1.1220.0000",
    "credit_account": "1.5130.0000"
  }
},
{
  "model": "core.ledgeraccountingrule",
  "pk": 7,
  "fields": {
    "row_comment": "",
    "deleted_by": null,
    "is_deleted": false,
    "date_deleted": null,
    "reason_deleted": "",
    "created_by": 3,
    "created_at": "2016-02-16T18:46:57.204Z",
    "updated_at": "2016-02-24T09:50:44.847Z",
    "transaction_type": 7,
    "debit_account": "1.1220.0000",
    "credit_account": "1.5120.0000"
  }
},
{
  "model": "core.ledgeraccountingrule",
  "pk": 8,
  "fields": {
    "row_comment": "",
    "deleted_by": null,
    "is_deleted": false,
    "date_deleted": null,
    "reason_deleted": "",
    "created_by": 3,
    "created_at": "2016-02-16T18:47:31.305Z",
    "updated_at": "2016-02-24T09:50:33.226Z",
    "transaction_type": 8,
    "debit_account": "1.1220.0000",
    "credit_account": "1.5110.0000"
  }
},
{
  "model": "core.ledgeraccountingrule",
  "pk": 9,
  "fields": {
    "row_comment": "",
    "deleted_by": null,
    "is_deleted": false,
    "date_deleted": null,
    "reason_deleted": "",
    "created_by": 3,
    "created_at": "2016-02-16T18:48:00.192Z",
    "updated_at": "2016-02-24T09:49:59.847Z",
    "transaction_type": 9,
    "debit_account": "5.1100.0000",
    "credit_account": "1.4100.0000"
  }
},
{
  "model": "core.ledgeraccountingrule",
  "pk": 10,
  "fields": {
    "row_comment": "",
    "deleted_by": null,
    "is_deleted": false,
    "date_deleted": null,
    "reason_deleted": "",
    "created_by": 3,
    "created_at": "2016-02-16T18:48:32.112Z",
    "updated_at": "2016-02-24T09:54:12.569Z",
    "transaction_type": 10,
    "debit_account": "5.1200.0000",
    "credit_account": "1.5130.0000"
  }
},
{
  "model": "core.ledgeraccountingrule",
  "pk": 11,
  "fields": {
    "row_comment": "",
    "deleted_by": null,
    "is_deleted": false,
    "date_deleted": null,
    "reason_deleted": "",
    "created_by": 3,
    "created_at": "2016-02-16T18:49:23.654Z",
    "updated_at": "2016-02-24T09:55:19.047Z",
    "transaction_type": 11,
    "debit_account": "5.1300.0000",
    "credit_account": "4.1220.0000"
  }
},
{
  "model": "core.ledgeraccountingrule",
  "pk": 12,
  "fields": {
    "row_comment": "",
    "deleted_by": null,
    "is_deleted": false,
    "date_deleted": null,
    "reason_deleted": "",
    "created_by": 3,
    "created_at": "2016-02-16T18:49:58.173Z",
    "updated_at": "2016-02-24T09:45:00.026Z",
    "transaction_type": 12,
    "debit_account": "5.1400.0000",
    "credit_account": "1.5110.0000"
  }
},
{
  "model": "core.ledgeraccountingrule",
  "pk": 13,
  "fields": {
    "row_comment": "",
    "deleted_by": null,
    "is_deleted": false,
    "date_deleted": null,
    "reason_deleted": "",
    "created_by": 3,
    "created_at": "2016-02-24T12:24:53.188Z",
    "updated_at": "2016-02-24T12:25:01.609Z",
    "transaction_type": 13,
    "debit_account": "1.4100.0000",
    "credit_account": "1.4400.0000"
  }
}
]
